2026-06-07 19:29:01,KA64NO0921
2026-06-07 19:29:02,KA64N0099
2026-06-07 19:29:02,KA64NO0921
2026-06-07 19:29:02,KA64NO0991
2026-06-07 19:29:02,KA64NO0991
2026-06-07 19:29:02,KA64NO0991
2026-06-07 19:29:03,KA64NO0991
2026-06-07 19:29:03,KA64NO0991
2026-06-07 19:29:03,KA64N0099
2026-06-07 19:29:04,KA64NO0921
2026-06-07 19:29:04,KA64NO0991
2026-06-07 19:29:05,KA64NO0991
2026-06-07 19:29:05,KA64NO0991
2026-06-07 19:29:05,KA64NO0991
2026-06-07 19:29:05,KA64NO0991
2026-06-07 19:29:05,KA64NO0991
2026-06-07 19:29:06,KA64NO0991
2026-06-07 19:29:06,KA64NO0991
2026-06-07 19:29:06,KA64N0092
2026-06-07 19:29:07,KA64N0099
2026-06-07 19:29:07,KA64N0099
2026-06-07 19:29:07,KA64N0092
2026-06-07 19:29:08,KA64N0921
2026-06-07 19:29:08,KA64N0099
2026-06-07 19:29:08,KA64N0099
2026-06-07 19:29:08,KA64NO0921
2026-06-07 19:29:09,KA64NO0921
2026-06-07 19:29:09,KA64NO0991
2026-06-07 19:29:10,KA64NO0991
2026-06-07 19:29:10,KA64N0099
2026-06-07 19:29:10,KA64NO0991
2026-06-07 19:29:10,KA64NO0991
2026-06-07 19:29:10,KA64NO0951
2026-06-07 19:29:11,KA64NO0991
2026-06-07 19:29:11,KA64NO0991
2026-06-07 19:29:12,KA64N0092
2026-06-07 19:29:12,KA64N0099
2026-06-07 19:29:12,KA64N0099
2026-06-07 19:29:13,KA64NO0991
2026-06-07 19:29:13,KA64NO0991
2026-06-07 19:29:13,KA64N0099
2026-06-07 19:29:13,KA64NO0991
2026-06-07 19:29:14,KA64NO0991
2026-06-07 19:29:14,KA64NO0991
2026-06-07 19:29:14,KA64NO0991
2026-06-07 19:29:15,KA64NO0921
2026-06-07 19:29:15,KA64NO0991
2026-06-07 19:29:15,KA64NO0991
2026-06-07 19:29:16,KA64NO0991
2026-06-07 19:29:16,KA64NO0921
2026-06-07 19:29:16,KA64NO0901
2026-06-07 19:29:17,KA64NO0991
2026-06-07 19:29:17,KA64N0991
2026-06-07 19:29:17,KA64NO0991
2026-06-07 19:29:17,KA64NO0991
2026-06-07 19:29:18,KA64NO0991
2026-06-07 19:29:18,KA64NO0991
2026-06-07 19:29:18,KA64NO0991
2026-06-07 19:29:19,KA64NO0991
2026-06-07 19:29:19,KA64NO0991
2026-06-07 19:29:20,KA64N0099
2026-06-07 19:29:20,KA64NO0991
2026-06-07 19:29:20,KA64NO0991
2026-06-07 19:29:20,KA64NO0901
2026-06-07 19:29:21,KA64NO0991
2026-06-07 19:29:21,KA64NO0991
2026-06-07 19:29:21,KA64NO0991
